variable_id,sub_variable_id,combination_rule,start_look_back,end_look_back
COMP_RHEUINFLSUP,SV_ANTISUPDRUGSRHEU,AND,,
COMP_RHEUINFLSUP,SV_RHEUINFL,AND,,
COMP_TRRECSUP,SV_TRREC,AND,,
COMP_TRRECSUP,SV_ANTISUPDRUGS,AND,,
COMP_CARTSUP,SV_CART,AND,,
COMP_CARTSUP,SV_ANTISUPDRUGS,AND,,
COMP_GESTHYP,SV_GESTHYP,OR,,
COMP_GESTHYP,SV_PREGHYP,OR,,
COMP_GESTHYP,SV_PRIORHYP,AND NOT,,
COMP_GESTDIAB,SV_GESTDIAB,OR,,
COMP_GESTDIAB,SV_PREGDIAB,OR,,
COMP_GESTDIAB,SV_PRIORDIAB,AND,,
COMP_STILLBIRTH,PP_STILLBIRTH,OR,,
COMP_STILLBIRTH,COD_ABORTION,OR,,
COMP_PRIOR_GESTDIAB,COMP_GESTDIAB,create_prior_gd,,
COMP_PRIOR_GESTDIAB,pregnancy_d3,create_prior_gd,,
COMP_PRIOR_PREECL,SV_PREECL,create_prior_preecl,,
COMP_PRIOR_PREECL,pregnancy_d3,create_prior_preecl,,
COMP_PRIOR_STILLBIRTH,COMP_STILLBIRTH,create_prior_stillbirth,,
COMP_PRIOR_STILLBIRTH,pregnancy_d3,create_prior_stillbirth,,
COMP_PRIOR_SGA,SV_SGA,create_prior_sga,,
COMP_PRIOR_SGA,pregnancy_d3,create_prior_sga,,
COMP_PRIOR_MAJORCA,SV_MAJORCA,create_prior_majorca,,
COMP_PRIOR_MAJORCA,pregnancy_d3,create_prior_majorca,,
COMP_IMMUNOCOMP,SV_HIV,create_immunocomp,,
COMP_IMMUNOCOMP,SV_HEMMALIGNANCY,create_immunocomp,,
COMP_IMMUNOCOMP,COD_SolMalignancy,create_immunocomp,,
COMP_IMMUNOCOMP,SV_RHEUINFL,create_immunocomp,,
COMP_IMMUNOCOMP,SV_RHEUINFLSUP,create_immunocomp,,
COMP_IMMUNOCOMP,SV_TRREC,create_immunocomp,,
COMP_IMMUNOCOMP,SV_TRRECSUP,create_immunocomp,,
COMP_IMMUNOCOMP,SV_CART,create_immunocomp,,
COMP_IMMUNOCOMP,SV_CART,create_immunocomp,,
COMP_IMMUNOCOMP,SV_ACTTHERAPY,create_immunocomp,,
COMP_HIGHRISKPREG,SV_OBESITY,create_highrisk_pregnancy,,
COMP_HIGHRISKPREG,COMP_GESTHYP,create_highrisk_pregnancy,,
COMP_HIGHRISKPREG,SV_PREECL,create_highrisk_pregnancy,,
COMP_HIGHRISKPREG,SV_MULTIFP,create_highrisk_pregnancy,,
COMP_HIGHRISKPREG,SV_DIABETES,create_highrisk_pregnancy,,
COMP_HIGHRISKPREG,COMP_GESTDIAB,create_highrisk_pregnancy,,
COMP_HIGHRISKPREG,COMP_PRIOR_GESTDIAB,create_highrisk_pregnancy,,
COMP_HIGHRISKPREG,COMP_PRIOR_PREECL,create_highrisk_pregnancy,,
COMP_HIGHRISKPREG,COMP_PRIOR_STILLBIRTH,create_highrisk_pregnancy,,
COMP_HIGHRISKPREG,COMP_PRIOR_SGA,create_highrisk_pregnancy,,
COMP_HIGHRISKPREG,COMP_PRIOR_MAJORCA,create_highrisk_pregnancy,,