concept_id,dap_name,cdm_table_name,column_name_1,column_name_2,column_name_3,expected_value_1,expected_value_2,expected_value_3,keep_value_column_name,,,
AD_RSVpreF,SIDIAP,VACCINES,vx_type,,,RSVpreF,,,,,,
AD_STILLBIRTH,SIDIAP,SURVEY_OBSERVATIONS,so_source_column,so_source_value,so_meaning,ctanca,MF,primary_care_pregnancies_livebirth_or_stillbirth,,,,
AD_BMIint,SIDIAP,MEDICAL_OBSERVATIONS,mo_source_column,mo_unit,,TT103,kg/m^2,,mo_source_value,,,
AD_BirthW,SIDIAP,SURVEY_OBSERVATIONS,so_source_column,so_unit,,PAN1002,gr,,so_source_value,,,
AD_BirthW,SIDIAP,SURVEY_OBSERVATIONS,so_source_column,so_unit,,PAN2002,gr,,so_source_value,,,
AD_BirthW,SIDIAP,SURVEY_OBSERVATIONS,so_source_column,so_unit,,PAN3002,gr,,so_source_value,,,
AD_BirthW,SIDIAP,SURVEY_OBSERVATIONS,so_source_column,so_unit,,PAN4002,gr,,so_source_value,,,
AD_BirthW,SIDIAP,SURVEY_OBSERVATIONS,so_source_column,so_unit,,PAN5002,gr,,so_source_value,,,
AD_RSVpreF,Epichron,VACCINES,vx_type,vx_manufacturer,,RSpreF,Pfizer,,,vx_admin_date,,
AD_MULTIFP,Epichron,SURVEY_OBSERVATIONS,so_source_column,so_source_value,,multiple,1,,,so_date,,
AD_STILLBIRTH,Epichron,SURVEY_OBSERVATIONS,so_source_column,so_source_value,,outcome,SB,,,so_date,,
AD_BMIint,Epichron,MEDICAL_OBSERVATIONS,mo_source_column,mo_unit,,imc,kg/m2,,mo_source_value,mo_date,,
AD_BMIint,Epichron,SURVEY_OBSERVATIONS,so_source_column,so_unit,,imc,kg/m2,,so_source_value,so_date,,
AD_BirthW,Epichron,SURVEY_OBSERVATIONS,so_source_column,so_unit,,pcnac,g,,so_source_value,so_date,,
AD_BirthH,Epichron,SURVEY_OBSERVATIONS,so_source_column,so_unit,,altnac,cm,,so_source_value,so_date,,
AD_MAJORCA,Epichron,SURVEY_OBSERVATIONS,so_source_column,so_source_value,,malforma,1,,,so_date,,
AD_MAJORCA,Epichron,SURVEY_OBSERVATIONS,so_source_column,so_source_value,,malforma,2,,,so_date,,
AD_RSVpreF,CPRD,VACCINES,vx_atc,vx_manufacturer,,14286341000033114,pfizer,,,vx_admin_date,,DSRU: Check if the values are correct. 
AD_RSVpreF,CPRD,VACCINES,vx_atc,vx_manufacturer,,15390081000006117,pfizer,,,vx_admin_date,,
AD_RSVpreF,CPRD,VACCINES,vx_atc,vx_manufacturer,,15284811000006118,unknown,,,vx_admin_date,,
AD_RSVpreF,CPRD,VACCINES,vx_atc,vx_manufacturer,,15437781000006115,unknown,,,vx_admin_date,,
AD_RSVpreF,CPRD,VACCINES,vx_atc,vx_manufacturer,,15437791000006117,unknown,,,vx_admin_date,,
AD_RSVpreF,CPRD,VACCINES,vx_atc,vx_manufacturer,,15437821000006114,unknown,,,vx_admin_date,,
AD_RSVpreF,CPRD,VACCINES,vx_atc,vx_manufacturer,,15284831000006112,unknown,,,vx_admin_date,,
AD_RSVpreF,CPRD,VACCINES,vx_atc,vx_manufacturer,,14238641000033110,gsk,,,vx_admin_date,,
AD_RSVpreF,CPRD,VACCINES,vx_atc,vx_manufacturer,,14286241000033116,pfizer,,,vx_admin_date,,
AD_RSVpreF,CPRD,VACCINES,vx_atc,vx_manufacturer,,14238541000033114,gsk,,,vx_admin_date,,
AD_MULTIFP,CPRD,SURVEY_OBSERVATIONS,so_source_column,so_source_value,,multiple_ev,1,,,so_date,,
AD_STILLBIRTH,CPRD,SURVEY_OBSERVATIONS,so_source_column,so_source_value,,outcome,2,,,so_date,,
AD_STILLBIRTH,CPRD,SURVEY_OBSERVATIONS,so_source_column,so_source_value,,outcome,3,,,so_date,,
AD_BMIint,CPRD,MEDICAL_OBSERVATIONS,mo_code,mo_record_vocabulary,mo_unit,100716012,MEDCODEID,kg/m2,mo_source_value,mo_date,,
AD_BMIint,CPRD,MEDICAL_OBSERVATIONS,mo_code,mo_record_vocabulary,mo_unit,11923361000006119,MEDCODEID,kg/m2,mo_source_value,mo_date,,
AD_BMIint,CPRD,MEDICAL_OBSERVATIONS,mo_code,mo_record_vocabulary,mo_unit,1995621000006110,MEDCODEID,kg/m2,mo_source_value,mo_date,,
AD_BMIint,CPRD,MEDICAL_OBSERVATIONS,mo_code,mo_record_vocabulary,mo_unit,2196071000000116,MEDCODEID,kg/m2,mo_source_value,mo_date,,
AD_BMIint,CPRD,MEDICAL_OBSERVATIONS,mo_code,mo_record_vocabulary,mo_unit,3070611000006119,MEDCODEID,kg/m2,mo_source_value,mo_date,,
AD_BMIint,CPRD,MEDICAL_OBSERVATIONS,mo_code,mo_record_vocabulary,mo_unit,3484801000006114,MEDCODEID,kg/m2,mo_source_value,mo_date,,
AD_BMIint,CPRD,MEDICAL_OBSERVATIONS,mo_code,mo_record_vocabulary,mo_unit,453856012,MEDCODEID,kg/m2,mo_source_value,mo_date,,
AD_BMIint,CPRD,MEDICAL_OBSERVATIONS,mo_code,mo_record_vocabulary,mo_unit,5892201000006119,MEDCODEID,kg/m2,mo_source_value,mo_date,,
AD_BMIint,CPRD,MEDICAL_OBSERVATIONS,mo_code,mo_record_vocabulary,mo_unit,5998281000006119,MEDCODEID,kg/m2,mo_source_value,mo_date,,
AD_BMIint,CPRD,MEDICAL_OBSERVATIONS,mo_code,mo_record_vocabulary,mo_unit,7504441000006114,MEDCODEID,kg/m2,mo_source_value,mo_date,,
AD_BMIint,CPRD,MEDICAL_OBSERVATIONS,mo_code,mo_record_vocabulary,mo_unit,8286991000006119,MEDCODEID,kg/m2,mo_source_value,mo_date,,
AD_BMIint,CPRD,MEDICAL_OBSERVATIONS,mo_code,mo_record_vocabulary,mo_unit,8291811000006111,MEDCODEID,kg/m2,mo_source_value,mo_date,,
AD_BMIint,CPRD,MEDICAL_OBSERVATIONS,mo_code,mo_record_vocabulary,mo_unit,923861000006112,MEDCODEID,kg/m2,mo_source_value,mo_date,,
AD_HEIGHT,CPRD,MEDICAL_OBSERVATIONS,mo_code,mo_record_vocabulary,mo_unit,11905141000006112,MEDCODEID,cm,mo_source_value,mo_date,,
AD_HEIGHT,CPRD,MEDICAL_OBSERVATIONS,mo_code,mo_record_vocabulary,mo_unit,11905141000006112,MEDCODEID,feet,mo_source_value,mo_date,,
AD_HEIGHT,CPRD,MEDICAL_OBSERVATIONS,mo_code,mo_record_vocabulary,mo_unit,11905141000006112,MEDCODEID,inches,mo_source_value,mo_date,,
AD_HEIGHT,CPRD,MEDICAL_OBSERVATIONS,mo_code,mo_record_vocabulary,mo_unit,11905141000006112,MEDCODEID,m,mo_source_value,mo_date,,
AD_HEIGHT,CPRD,MEDICAL_OBSERVATIONS,mo_code,mo_record_vocabulary,mo_unit,11905141000006112,MEDCODEID,mm,mo_source_value,mo_date,,
AD_HEIGHT,CPRD,MEDICAL_OBSERVATIONS,mo_code,mo_record_vocabulary,mo_unit,1910931000006112,MEDCODEID,cm,mo_source_value,mo_date,,
AD_HEIGHT,CPRD,MEDICAL_OBSERVATIONS,mo_code,mo_record_vocabulary,mo_unit,1910931000006112,MEDCODEID,feet,mo_source_value,mo_date,,
AD_HEIGHT,CPRD,MEDICAL_OBSERVATIONS,mo_code,mo_record_vocabulary,mo_unit,1910931000006112,MEDCODEID,inches,mo_source_value,mo_date,,
AD_HEIGHT,CPRD,MEDICAL_OBSERVATIONS,mo_code,mo_record_vocabulary,mo_unit,1910931000006112,MEDCODEID,m,mo_source_value,mo_date,,
AD_HEIGHT,CPRD,MEDICAL_OBSERVATIONS,mo_code,mo_record_vocabulary,mo_unit,1910931000006112,MEDCODEID,mm,mo_source_value,mo_date,,
AD_HEIGHT,CPRD,MEDICAL_OBSERVATIONS,mo_code,mo_record_vocabulary,mo_unit,253669010,MEDCODEID,cm,mo_source_value,mo_date,,
AD_HEIGHT,CPRD,MEDICAL_OBSERVATIONS,mo_code,mo_record_vocabulary,mo_unit,253669010,MEDCODEID,feet,mo_source_value,mo_date,,
AD_HEIGHT,CPRD,MEDICAL_OBSERVATIONS,mo_code,mo_record_vocabulary,mo_unit,253669010,MEDCODEID,inches,mo_source_value,mo_date,,
AD_HEIGHT,CPRD,MEDICAL_OBSERVATIONS,mo_code,mo_record_vocabulary,mo_unit,253669010,MEDCODEID,m,mo_source_value,mo_date,,
AD_HEIGHT,CPRD,MEDICAL_OBSERVATIONS,mo_code,mo_record_vocabulary,mo_unit,253669010,MEDCODEID,mm,mo_source_value,mo_date,,
AD_HEIGHT,CPRD,MEDICAL_OBSERVATIONS,mo_code,mo_record_vocabulary,mo_unit,253676017,MEDCODEID,cm,mo_source_value,mo_date,,
AD_HEIGHT,CPRD,MEDICAL_OBSERVATIONS,mo_code,mo_record_vocabulary,mo_unit,253676017,MEDCODEID,feet,mo_source_value,mo_date,,
AD_HEIGHT,CPRD,MEDICAL_OBSERVATIONS,mo_code,mo_record_vocabulary,mo_unit,253676017,MEDCODEID,inches,mo_source_value,mo_date,,
AD_HEIGHT,CPRD,MEDICAL_OBSERVATIONS,mo_code,mo_record_vocabulary,mo_unit,253676017,MEDCODEID,m,mo_source_value,mo_date,,
AD_HEIGHT,CPRD,MEDICAL_OBSERVATIONS,mo_code,mo_record_vocabulary,mo_unit,253676017,MEDCODEID,mm,mo_source_value,mo_date,,
AD_HEIGHT,CPRD,MEDICAL_OBSERVATIONS,mo_code,mo_record_vocabulary,mo_unit,2729021000006118,MEDCODEID,cm,mo_source_value,mo_date,,
AD_HEIGHT,CPRD,MEDICAL_OBSERVATIONS,mo_code,mo_record_vocabulary,mo_unit,2729021000006118,MEDCODEID,feet,mo_source_value,mo_date,,
AD_HEIGHT,CPRD,MEDICAL_OBSERVATIONS,mo_code,mo_record_vocabulary,mo_unit,2729021000006118,MEDCODEID,inches,mo_source_value,mo_date,,
AD_HEIGHT,CPRD,MEDICAL_OBSERVATIONS,mo_code,mo_record_vocabulary,mo_unit,2729021000006118,MEDCODEID,m,mo_source_value,mo_date,,
AD_HEIGHT,CPRD,MEDICAL_OBSERVATIONS,mo_code,mo_record_vocabulary,mo_unit,2729021000006118,MEDCODEID,mm,mo_source_value,mo_date,,
AD_HEIGHT,CPRD,MEDICAL_OBSERVATIONS,mo_code,mo_record_vocabulary,mo_unit,3315711000006110,MEDCODEID,cm,mo_source_value,mo_date,,
AD_HEIGHT,CPRD,MEDICAL_OBSERVATIONS,mo_code,mo_record_vocabulary,mo_unit,3315711000006110,MEDCODEID,feet,mo_source_value,mo_date,,
AD_HEIGHT,CPRD,MEDICAL_OBSERVATIONS,mo_code,mo_record_vocabulary,mo_unit,3315711000006110,MEDCODEID,inches,mo_source_value,mo_date,,
AD_HEIGHT,CPRD,MEDICAL_OBSERVATIONS,mo_code,mo_record_vocabulary,mo_unit,3315711000006110,MEDCODEID,m,mo_source_value,mo_date,,
AD_HEIGHT,CPRD,MEDICAL_OBSERVATIONS,mo_code,mo_record_vocabulary,mo_unit,3315711000006110,MEDCODEID,mm,mo_source_value,mo_date,,
AD_HEIGHT,CPRD,MEDICAL_OBSERVATIONS,mo_code,mo_record_vocabulary,mo_unit,3315721000006119,MEDCODEID,cm,mo_source_value,mo_date,,
AD_HEIGHT,CPRD,MEDICAL_OBSERVATIONS,mo_code,mo_record_vocabulary,mo_unit,3315721000006119,MEDCODEID,feet,mo_source_value,mo_date,,
AD_HEIGHT,CPRD,MEDICAL_OBSERVATIONS,mo_code,mo_record_vocabulary,mo_unit,3315721000006119,MEDCODEID,inches,mo_source_value,mo_date,,
AD_HEIGHT,CPRD,MEDICAL_OBSERVATIONS,mo_code,mo_record_vocabulary,mo_unit,3315721000006119,MEDCODEID,m,mo_source_value,mo_date,,
AD_HEIGHT,CPRD,MEDICAL_OBSERVATIONS,mo_code,mo_record_vocabulary,mo_unit,3315721000006119,MEDCODEID,mm,mo_source_value,mo_date,,
AD_HEIGHT,CPRD,MEDICAL_OBSERVATIONS,mo_code,mo_record_vocabulary,mo_unit,4551671000006115,MEDCODEID,cm,mo_source_value,mo_date,,
AD_HEIGHT,CPRD,MEDICAL_OBSERVATIONS,mo_code,mo_record_vocabulary,mo_unit,4551671000006115,MEDCODEID,feet,mo_source_value,mo_date,,
AD_HEIGHT,CPRD,MEDICAL_OBSERVATIONS,mo_code,mo_record_vocabulary,mo_unit,4551671000006115,MEDCODEID,inches,mo_source_value,mo_date,,
AD_HEIGHT,CPRD,MEDICAL_OBSERVATIONS,mo_code,mo_record_vocabulary,mo_unit,4551671000006115,MEDCODEID,m,mo_source_value,mo_date,,
AD_HEIGHT,CPRD,MEDICAL_OBSERVATIONS,mo_code,mo_record_vocabulary,mo_unit,4551671000006115,MEDCODEID,mm,mo_source_value,mo_date,,
AD_HEIGHT,CPRD,MEDICAL_OBSERVATIONS,mo_code,mo_record_vocabulary,mo_unit,5526601000006112,MEDCODEID,cm,mo_source_value,mo_date,,
AD_HEIGHT,CPRD,MEDICAL_OBSERVATIONS,mo_code,mo_record_vocabulary,mo_unit,5526601000006112,MEDCODEID,feet,mo_source_value,mo_date,,
AD_HEIGHT,CPRD,MEDICAL_OBSERVATIONS,mo_code,mo_record_vocabulary,mo_unit,5526601000006112,MEDCODEID,inches,mo_source_value,mo_date,,
AD_HEIGHT,CPRD,MEDICAL_OBSERVATIONS,mo_code,mo_record_vocabulary,mo_unit,5526601000006112,MEDCODEID,m,mo_source_value,mo_date,,
AD_HEIGHT,CPRD,MEDICAL_OBSERVATIONS,mo_code,mo_record_vocabulary,mo_unit,5526601000006112,MEDCODEID,mm,mo_source_value,mo_date,,
AD_HEIGHT,CPRD,MEDICAL_OBSERVATIONS,mo_code,mo_record_vocabulary,mo_unit,5892171000006118,MEDCODEID,cm,mo_source_value,mo_date,,
AD_HEIGHT,CPRD,MEDICAL_OBSERVATIONS,mo_code,mo_record_vocabulary,mo_unit,5892171000006118,MEDCODEID,feet,mo_source_value,mo_date,,
AD_HEIGHT,CPRD,MEDICAL_OBSERVATIONS,mo_code,mo_record_vocabulary,mo_unit,5892171000006118,MEDCODEID,inches,mo_source_value,mo_date,,
AD_HEIGHT,CPRD,MEDICAL_OBSERVATIONS,mo_code,mo_record_vocabulary,mo_unit,5892171000006118,MEDCODEID,m,mo_source_value,mo_date,,
AD_HEIGHT,CPRD,MEDICAL_OBSERVATIONS,mo_code,mo_record_vocabulary,mo_unit,5892171000006118,MEDCODEID,mm,mo_source_value,mo_date,,
AD_HEIGHT,CPRD,MEDICAL_OBSERVATIONS,mo_code,mo_record_vocabulary,mo_unit,923831000006115,MEDCODEID,cm,mo_source_value,mo_date,,
AD_HEIGHT,CPRD,MEDICAL_OBSERVATIONS,mo_code,mo_record_vocabulary,mo_unit,923831000006115,MEDCODEID,feet,mo_source_value,mo_date,,
AD_HEIGHT,CPRD,MEDICAL_OBSERVATIONS,mo_code,mo_record_vocabulary,mo_unit,923831000006115,MEDCODEID,inches,mo_source_value,mo_date,,
AD_HEIGHT,CPRD,MEDICAL_OBSERVATIONS,mo_code,mo_record_vocabulary,mo_unit,923831000006115,MEDCODEID,m,mo_source_value,mo_date,,
AD_HEIGHT,CPRD,MEDICAL_OBSERVATIONS,mo_code,mo_record_vocabulary,mo_unit,923831000006115,MEDCODEID,mm,mo_source_value,mo_date,,
AD_WEIGHT,CPRD,MEDICAL_OBSERVATIONS,mo_code,mo_record_vocabulary,mo_unit,11905011000006114,MEDCODEID,grams,mo_source_value,mo_date,,
AD_WEIGHT,CPRD,MEDICAL_OBSERVATIONS,mo_code,mo_record_vocabulary,mo_unit,11905011000006114,MEDCODEID,kg,mo_source_value,mo_date,,
AD_WEIGHT,CPRD,MEDICAL_OBSERVATIONS,mo_code,mo_record_vocabulary,mo_unit,11905011000006114,MEDCODEID,ounces,mo_source_value,mo_date,,
AD_WEIGHT,CPRD,MEDICAL_OBSERVATIONS,mo_code,mo_record_vocabulary,mo_unit,11905011000006114,MEDCODEID,pounds,mo_source_value,mo_date,,
AD_WEIGHT,CPRD,MEDICAL_OBSERVATIONS,mo_code,mo_record_vocabulary,mo_unit,11905011000006114,MEDCODEID,stone,mo_source_value,mo_date,,
AD_WEIGHT,CPRD,MEDICAL_OBSERVATIONS,mo_code,mo_record_vocabulary,mo_unit,1780175010,MEDCODEID,grams,mo_source_value,mo_date,,
AD_WEIGHT,CPRD,MEDICAL_OBSERVATIONS,mo_code,mo_record_vocabulary,mo_unit,1780175010,MEDCODEID,kg,mo_source_value,mo_date,,
AD_WEIGHT,CPRD,MEDICAL_OBSERVATIONS,mo_code,mo_record_vocabulary,mo_unit,1780175010,MEDCODEID,ounces,mo_source_value,mo_date,,
AD_WEIGHT,CPRD,MEDICAL_OBSERVATIONS,mo_code,mo_record_vocabulary,mo_unit,1780175010,MEDCODEID,pounds,mo_source_value,mo_date,,
AD_WEIGHT,CPRD,MEDICAL_OBSERVATIONS,mo_code,mo_record_vocabulary,mo_unit,1780175010,MEDCODEID,stone,mo_source_value,mo_date,,
AD_WEIGHT,CPRD,MEDICAL_OBSERVATIONS,mo_code,mo_record_vocabulary,mo_unit,1910911000006118,MEDCODEID,grams,mo_source_value,mo_date,,
AD_WEIGHT,CPRD,MEDICAL_OBSERVATIONS,mo_code,mo_record_vocabulary,mo_unit,1910911000006118,MEDCODEID,kg,mo_source_value,mo_date,,
AD_WEIGHT,CPRD,MEDICAL_OBSERVATIONS,mo_code,mo_record_vocabulary,mo_unit,1910911000006118,MEDCODEID,ounces,mo_source_value,mo_date,,
AD_WEIGHT,CPRD,MEDICAL_OBSERVATIONS,mo_code,mo_record_vocabulary,mo_unit,1910911000006118,MEDCODEID,pounds,mo_source_value,mo_date,,
AD_WEIGHT,CPRD,MEDICAL_OBSERVATIONS,mo_code,mo_record_vocabulary,mo_unit,1910911000006118,MEDCODEID,stone,mo_source_value,mo_date,,
AD_WEIGHT,CPRD,MEDICAL_OBSERVATIONS,mo_code,mo_record_vocabulary,mo_unit,253677014,MEDCODEID,grams,mo_source_value,mo_date,,
AD_WEIGHT,CPRD,MEDICAL_OBSERVATIONS,mo_code,mo_record_vocabulary,mo_unit,253677014,MEDCODEID,kg,mo_source_value,mo_date,,
AD_WEIGHT,CPRD,MEDICAL_OBSERVATIONS,mo_code,mo_record_vocabulary,mo_unit,253677014,MEDCODEID,ounces,mo_source_value,mo_date,,
AD_WEIGHT,CPRD,MEDICAL_OBSERVATIONS,mo_code,mo_record_vocabulary,mo_unit,253677014,MEDCODEID,pounds,mo_source_value,mo_date,,
AD_WEIGHT,CPRD,MEDICAL_OBSERVATIONS,mo_code,mo_record_vocabulary,mo_unit,253677014,MEDCODEID,stone,mo_source_value,mo_date,,
AD_WEIGHT,CPRD,MEDICAL_OBSERVATIONS,mo_code,mo_record_vocabulary,mo_unit,253688015,MEDCODEID,grams,mo_source_value,mo_date,,
AD_WEIGHT,CPRD,MEDICAL_OBSERVATIONS,mo_code,mo_record_vocabulary,mo_unit,253688015,MEDCODEID,kg,mo_source_value,mo_date,,
AD_WEIGHT,CPRD,MEDICAL_OBSERVATIONS,mo_code,mo_record_vocabulary,mo_unit,253688015,MEDCODEID,ounces,mo_source_value,mo_date,,
AD_WEIGHT,CPRD,MEDICAL_OBSERVATIONS,mo_code,mo_record_vocabulary,mo_unit,253688015,MEDCODEID,pounds,mo_source_value,mo_date,,
AD_WEIGHT,CPRD,MEDICAL_OBSERVATIONS,mo_code,mo_record_vocabulary,mo_unit,253688015,MEDCODEID,stone,mo_source_value,mo_date,,
AD_WEIGHT,CPRD,MEDICAL_OBSERVATIONS,mo_code,mo_record_vocabulary,mo_unit,2934311000006118,MEDCODEID,grams,mo_source_value,mo_date,,
AD_WEIGHT,CPRD,MEDICAL_OBSERVATIONS,mo_code,mo_record_vocabulary,mo_unit,2934311000006118,MEDCODEID,kg,mo_source_value,mo_date,,
AD_WEIGHT,CPRD,MEDICAL_OBSERVATIONS,mo_code,mo_record_vocabulary,mo_unit,2934311000006118,MEDCODEID,ounces,mo_source_value,mo_date,,
AD_WEIGHT,CPRD,MEDICAL_OBSERVATIONS,mo_code,mo_record_vocabulary,mo_unit,2934311000006118,MEDCODEID,pounds,mo_source_value,mo_date,,
AD_WEIGHT,CPRD,MEDICAL_OBSERVATIONS,mo_code,mo_record_vocabulary,mo_unit,2934311000006118,MEDCODEID,stone,mo_source_value,mo_date,,
AD_WEIGHT,CPRD,MEDICAL_OBSERVATIONS,mo_code,mo_record_vocabulary,mo_unit,3484791000006113,MEDCODEID,grams,mo_source_value,mo_date,,
AD_WEIGHT,CPRD,MEDICAL_OBSERVATIONS,mo_code,mo_record_vocabulary,mo_unit,3484791000006113,MEDCODEID,kg,mo_source_value,mo_date,,
AD_WEIGHT,CPRD,MEDICAL_OBSERVATIONS,mo_code,mo_record_vocabulary,mo_unit,3484791000006113,MEDCODEID,ounces,mo_source_value,mo_date,,
AD_WEIGHT,CPRD,MEDICAL_OBSERVATIONS,mo_code,mo_record_vocabulary,mo_unit,3484791000006113,MEDCODEID,pounds,mo_source_value,mo_date,,
AD_WEIGHT,CPRD,MEDICAL_OBSERVATIONS,mo_code,mo_record_vocabulary,mo_unit,3484791000006113,MEDCODEID,stone,mo_source_value,mo_date,,
AD_WEIGHT,CPRD,MEDICAL_OBSERVATIONS,mo_code,mo_record_vocabulary,mo_unit,3514400010,MEDCODEID,grams,mo_source_value,mo_date,,
AD_WEIGHT,CPRD,MEDICAL_OBSERVATIONS,mo_code,mo_record_vocabulary,mo_unit,3514400010,MEDCODEID,kg,mo_source_value,mo_date,,
AD_WEIGHT,CPRD,MEDICAL_OBSERVATIONS,mo_code,mo_record_vocabulary,mo_unit,3514400010,MEDCODEID,ounces,mo_source_value,mo_date,,
AD_WEIGHT,CPRD,MEDICAL_OBSERVATIONS,mo_code,mo_record_vocabulary,mo_unit,3514400010,MEDCODEID,pounds,mo_source_value,mo_date,,
AD_WEIGHT,CPRD,MEDICAL_OBSERVATIONS,mo_code,mo_record_vocabulary,mo_unit,3514400010,MEDCODEID,stone,mo_source_value,mo_date,,
AD_WEIGHT,CPRD,MEDICAL_OBSERVATIONS,mo_code,mo_record_vocabulary,mo_unit,4551811000006113,MEDCODEID,grams,mo_source_value,mo_date,,
AD_WEIGHT,CPRD,MEDICAL_OBSERVATIONS,mo_code,mo_record_vocabulary,mo_unit,4551811000006113,MEDCODEID,kg,mo_source_value,mo_date,,
AD_WEIGHT,CPRD,MEDICAL_OBSERVATIONS,mo_code,mo_record_vocabulary,mo_unit,4551811000006113,MEDCODEID,ounces,mo_source_value,mo_date,,
AD_WEIGHT,CPRD,MEDICAL_OBSERVATIONS,mo_code,mo_record_vocabulary,mo_unit,4551811000006113,MEDCODEID,pounds,mo_source_value,mo_date,,
AD_WEIGHT,CPRD,MEDICAL_OBSERVATIONS,mo_code,mo_record_vocabulary,mo_unit,4551811000006113,MEDCODEID,stone,mo_source_value,mo_date,,
AD_WEIGHT,CPRD,MEDICAL_OBSERVATIONS,mo_code,mo_record_vocabulary,mo_unit,4986261000006116,MEDCODEID,grams,mo_source_value,mo_date,,
AD_WEIGHT,CPRD,MEDICAL_OBSERVATIONS,mo_code,mo_record_vocabulary,mo_unit,4986261000006116,MEDCODEID,kg,mo_source_value,mo_date,,
AD_WEIGHT,CPRD,MEDICAL_OBSERVATIONS,mo_code,mo_record_vocabulary,mo_unit,4986261000006116,MEDCODEID,ounces,mo_source_value,mo_date,,
AD_WEIGHT,CPRD,MEDICAL_OBSERVATIONS,mo_code,mo_record_vocabulary,mo_unit,4986261000006116,MEDCODEID,pounds,mo_source_value,mo_date,,
AD_WEIGHT,CPRD,MEDICAL_OBSERVATIONS,mo_code,mo_record_vocabulary,mo_unit,4986261000006116,MEDCODEID,stone,mo_source_value,mo_date,,
AD_WEIGHT,CPRD,MEDICAL_OBSERVATIONS,mo_code,mo_record_vocabulary,mo_unit,6251151000006116,MEDCODEID,grams,mo_source_value,mo_date,,
AD_WEIGHT,CPRD,MEDICAL_OBSERVATIONS,mo_code,mo_record_vocabulary,mo_unit,6251151000006116,MEDCODEID,kg,mo_source_value,mo_date,,
AD_WEIGHT,CPRD,MEDICAL_OBSERVATIONS,mo_code,mo_record_vocabulary,mo_unit,6251151000006116,MEDCODEID,ounces,mo_source_value,mo_date,,
AD_WEIGHT,CPRD,MEDICAL_OBSERVATIONS,mo_code,mo_record_vocabulary,mo_unit,6251151000006116,MEDCODEID,pounds,mo_source_value,mo_date,,
AD_WEIGHT,CPRD,MEDICAL_OBSERVATIONS,mo_code,mo_record_vocabulary,mo_unit,6251151000006116,MEDCODEID,stone,mo_source_value,mo_date,,
AD_WEIGHT,CPRD,MEDICAL_OBSERVATIONS,mo_code,mo_record_vocabulary,mo_unit,6251171000006114,MEDCODEID,grams,mo_source_value,mo_date,,
AD_WEIGHT,CPRD,MEDICAL_OBSERVATIONS,mo_code,mo_record_vocabulary,mo_unit,6251171000006114,MEDCODEID,kg,mo_source_value,mo_date,,
AD_WEIGHT,CPRD,MEDICAL_OBSERVATIONS,mo_code,mo_record_vocabulary,mo_unit,6251171000006114,MEDCODEID,ounces,mo_source_value,mo_date,,
AD_WEIGHT,CPRD,MEDICAL_OBSERVATIONS,mo_code,mo_record_vocabulary,mo_unit,6251171000006114,MEDCODEID,pounds,mo_source_value,mo_date,,
AD_WEIGHT,CPRD,MEDICAL_OBSERVATIONS,mo_code,mo_record_vocabulary,mo_unit,6251171000006114,MEDCODEID,stone,mo_source_value,mo_date,,
AD_WEIGHT,CPRD,MEDICAL_OBSERVATIONS,mo_code,mo_record_vocabulary,mo_unit,7309791000006112,MEDCODEID,grams,mo_source_value,mo_date,,
AD_WEIGHT,CPRD,MEDICAL_OBSERVATIONS,mo_code,mo_record_vocabulary,mo_unit,7309791000006112,MEDCODEID,kg,mo_source_value,mo_date,,
AD_WEIGHT,CPRD,MEDICAL_OBSERVATIONS,mo_code,mo_record_vocabulary,mo_unit,7309791000006112,MEDCODEID,ounces,mo_source_value,mo_date,,
AD_WEIGHT,CPRD,MEDICAL_OBSERVATIONS,mo_code,mo_record_vocabulary,mo_unit,7309791000006112,MEDCODEID,pounds,mo_source_value,mo_date,,
AD_WEIGHT,CPRD,MEDICAL_OBSERVATIONS,mo_code,mo_record_vocabulary,mo_unit,7309791000006112,MEDCODEID,stone,mo_source_value,mo_date,,
AD_WEIGHT,CPRD,MEDICAL_OBSERVATIONS,mo_code,mo_record_vocabulary,mo_unit,7309801000006113,MEDCODEID,grams,mo_source_value,mo_date,,
AD_WEIGHT,CPRD,MEDICAL_OBSERVATIONS,mo_code,mo_record_vocabulary,mo_unit,7309801000006113,MEDCODEID,kg,mo_source_value,mo_date,,
AD_WEIGHT,CPRD,MEDICAL_OBSERVATIONS,mo_code,mo_record_vocabulary,mo_unit,7309801000006113,MEDCODEID,ounces,mo_source_value,mo_date,,
AD_WEIGHT,CPRD,MEDICAL_OBSERVATIONS,mo_code,mo_record_vocabulary,mo_unit,7309801000006113,MEDCODEID,pounds,mo_source_value,mo_date,,
AD_WEIGHT,CPRD,MEDICAL_OBSERVATIONS,mo_code,mo_record_vocabulary,mo_unit,7309801000006113,MEDCODEID,stone,mo_source_value,mo_date,,
AD_WEIGHT,CPRD,MEDICAL_OBSERVATIONS,mo_code,mo_record_vocabulary,mo_unit,7879461000006116,MEDCODEID,grams,mo_source_value,mo_date,,
AD_WEIGHT,CPRD,MEDICAL_OBSERVATIONS,mo_code,mo_record_vocabulary,mo_unit,7879461000006116,MEDCODEID,kg,mo_source_value,mo_date,,
AD_WEIGHT,CPRD,MEDICAL_OBSERVATIONS,mo_code,mo_record_vocabulary,mo_unit,7879461000006116,MEDCODEID,ounces,mo_source_value,mo_date,,
AD_WEIGHT,CPRD,MEDICAL_OBSERVATIONS,mo_code,mo_record_vocabulary,mo_unit,7879461000006116,MEDCODEID,pounds,mo_source_value,mo_date,,
AD_WEIGHT,CPRD,MEDICAL_OBSERVATIONS,mo_code,mo_record_vocabulary,mo_unit,7879461000006116,MEDCODEID,stone,mo_source_value,mo_date,,
AD_WEIGHT,CPRD,MEDICAL_OBSERVATIONS,mo_code,mo_record_vocabulary,mo_unit,923851000006110,MEDCODEID,grams,mo_source_value,mo_date,,
AD_WEIGHT,CPRD,MEDICAL_OBSERVATIONS,mo_code,mo_record_vocabulary,mo_unit,923851000006110,MEDCODEID,kg,mo_source_value,mo_date,,
AD_WEIGHT,CPRD,MEDICAL_OBSERVATIONS,mo_code,mo_record_vocabulary,mo_unit,923851000006110,MEDCODEID,ounces,mo_source_value,mo_date,,
AD_WEIGHT,CPRD,MEDICAL_OBSERVATIONS,mo_code,mo_record_vocabulary,mo_unit,923851000006110,MEDCODEID,pounds,mo_source_value,mo_date,,
AD_WEIGHT,CPRD,MEDICAL_OBSERVATIONS,mo_code,mo_record_vocabulary,mo_unit,923851000006110,MEDCODEID,stone,mo_source_value,mo_date,,
AD_BirthW,CPRD,MEDICAL_OBSERVATIONS,mo_code,mo_record_vocabulary,mo_unit,3265381000006111,MEDCODEID,grams,mo_source_value,mo_date,,
AD_BirthW,CPRD,MEDICAL_OBSERVATIONS,mo_code,mo_record_vocabulary,mo_unit,3265381000006111,MEDCODEID,kg,mo_source_value,mo_date,,
AD_BirthW,CPRD,MEDICAL_OBSERVATIONS,mo_code,mo_record_vocabulary,mo_unit,3265381000006111,MEDCODEID,ounces,mo_source_value,mo_date,,
AD_BirthW,CPRD,MEDICAL_OBSERVATIONS,mo_code,mo_record_vocabulary,mo_unit,3265381000006111,MEDCODEID,pounds,mo_source_value,mo_date,,
AD_BirthW,CPRD,MEDICAL_OBSERVATIONS,mo_code,mo_record_vocabulary,mo_unit,3265381000006111,MEDCODEID,stone,mo_source_value,mo_date,,
AD_BirthW,CPRD,MEDICAL_OBSERVATIONS,mo_code,mo_record_vocabulary,mo_unit,3265391000006114,MEDCODEID,grams,mo_source_value,mo_date,,
AD_BirthW,CPRD,MEDICAL_OBSERVATIONS,mo_code,mo_record_vocabulary,mo_unit,3265391000006114,MEDCODEID,kg,mo_source_value,mo_date,,
AD_BirthW,CPRD,MEDICAL_OBSERVATIONS,mo_code,mo_record_vocabulary,mo_unit,3265391000006114,MEDCODEID,ounces,mo_source_value,mo_date,,
AD_BirthW,CPRD,MEDICAL_OBSERVATIONS,mo_code,mo_record_vocabulary,mo_unit,3265391000006114,MEDCODEID,pounds,mo_source_value,mo_date,,
AD_BirthW,CPRD,MEDICAL_OBSERVATIONS,mo_code,mo_record_vocabulary,mo_unit,3265391000006114,MEDCODEID,stone,mo_source_value,mo_date,,
AD_BirthW,CPRD,MEDICAL_OBSERVATIONS,mo_code,mo_record_vocabulary,mo_unit,514371000006113,MEDCODEID,grams,mo_source_value,mo_date,,
AD_BirthW,CPRD,MEDICAL_OBSERVATIONS,mo_code,mo_record_vocabulary,mo_unit,514371000006113,MEDCODEID,kg,mo_source_value,mo_date,,
AD_BirthW,CPRD,MEDICAL_OBSERVATIONS,mo_code,mo_record_vocabulary,mo_unit,514371000006113,MEDCODEID,ounces,mo_source_value,mo_date,,
AD_BirthW,CPRD,MEDICAL_OBSERVATIONS,mo_code,mo_record_vocabulary,mo_unit,514371000006113,MEDCODEID,pounds,mo_source_value,mo_date,,
AD_BirthW,CPRD,MEDICAL_OBSERVATIONS,mo_code,mo_record_vocabulary,mo_unit,514371000006113,MEDCODEID,stone,mo_source_value,mo_date,,
AD_BirthW,CPRD,MEDICAL_OBSERVATIONS,mo_code,mo_record_vocabulary,mo_unit,514381000006111,MEDCODEID,grams,mo_source_value,mo_date,,
AD_BirthW,CPRD,MEDICAL_OBSERVATIONS,mo_code,mo_record_vocabulary,mo_unit,514381000006111,MEDCODEID,kg,mo_source_value,mo_date,,
AD_BirthW,CPRD,MEDICAL_OBSERVATIONS,mo_code,mo_record_vocabulary,mo_unit,514381000006111,MEDCODEID,ounces,mo_source_value,mo_date,,
AD_BirthW,CPRD,MEDICAL_OBSERVATIONS,mo_code,mo_record_vocabulary,mo_unit,514381000006111,MEDCODEID,pounds,mo_source_value,mo_date,,
AD_BirthW,CPRD,MEDICAL_OBSERVATIONS,mo_code,mo_record_vocabulary,mo_unit,514381000006111,MEDCODEID,stone,mo_source_value,mo_date,,
AD_BirthW,CPRD,MEDICAL_OBSERVATIONS,mo_code,mo_record_vocabulary,mo_unit,514391000006114,MEDCODEID,grams,mo_source_value,mo_date,,
AD_BirthW,CPRD,MEDICAL_OBSERVATIONS,mo_code,mo_record_vocabulary,mo_unit,514391000006114,MEDCODEID,kg,mo_source_value,mo_date,,
AD_BirthW,CPRD,MEDICAL_OBSERVATIONS,mo_code,mo_record_vocabulary,mo_unit,514391000006114,MEDCODEID,ounces,mo_source_value,mo_date,,
AD_BirthW,CPRD,MEDICAL_OBSERVATIONS,mo_code,mo_record_vocabulary,mo_unit,514391000006114,MEDCODEID,pounds,mo_source_value,mo_date,,
AD_BirthW,CPRD,MEDICAL_OBSERVATIONS,mo_code,mo_record_vocabulary,mo_unit,514391000006114,MEDCODEID,stone,mo_source_value,mo_date,,
,,,,,,,,,,,,
,,,,,,,,,,,,
,,,,,,,,,,,,
,,,,,,,,,,,,
,,,,,,,,,,,,
,,,,,,,,,,,,
,,,,,,,,,,,,
,,,,,,,,,,,,
,,,,,,,,,,,,
,,,,,,,,,,,,
,,,,,,,,,,,,
,,,,,,,,,,,,
,,,,,,,,,,,,
,,,,,,,,,,,,
,,,,,,,,,,,,
,,,,,,,,,,,,
,,,,,,,,,,,,
,,,,,,,,,,,,
,,,,,,,,,,,,
,,,,,,,,,,,,
,,,,,,,,,,,,
,,,,,,,,,,,,
,,,,,,,,,,,,
,,,,,,,,,,,,
,,,,,,,,,,,,
,,,,,,,,,,,,
,,,,,,,,,,,,
,,,,,,,,,,,,
,,,,,,,,,,,,
,,,,,,,,,,,,
,,,,,,,,,,,,
,,,,,,,,,,,,
,,,,,,,,,,,,
,,,,,,,,,,,,
,,,,,,,,,,,,
,,,,,,,,,,,,
,,,,,,,,,,,,
,,,,,,,,,,,,
,,,,,,,,,,,,
,,,,,,,,,,,,
,,,,,,,,,,,,
,,,,,,,,,,,,
,,,,,,,,,,,,
,,,,,,,,,,,,
,,,,,,,,,,,,
,,,,,,,,,,,,
,,,,,,,,,,,,
,,,,,,,,,,,,
,,,,,,,,,,,,
,,,,,,,,,,,,
,,,,,,,,,,,,
,,,,,,,,,,,,
,,,,,,,,,,,,
,,,,,,,,,,,,
,,,,,,,,,,,,
,,,,,,,,,,,,
,,,,,,,,,,,,
,,,,,,,,,,,,
,,,,,,,,,,,,
,,,,,,,,,,,,
,,,,,,,,,,,,
,,,,,,,,,,,,
,,,,,,,,,,,,
,,,,,,,,,,,,
,,,,,,,,,,,,
,,,,,,,,,,,,
,,,,,,,,,,,,
,,,,,,,,,,,,
,,,,,,,,,,,,
,,,,,,,,,,,,
,,,,,,,,,,,,
,,,,,,,,,,,,
,,,,,,,,,,,,
,,,,,,,,,,,,
,,,,,,,,,,,,
,,,,,,,,,,,,
,,,,,,,,,,,,
,,,,,,,,,,,,
,,,,,,,,,,,,
,,,,,,,,,,,,
,,,,,,,,,,,,
,,,,,,,,,,,,
,,,,,,,,,,,,
,,,,,,,,,,,,
,,,,,,,,,,,,
,,,,,,,,,,,,
,,,,,,,,,,,,
,,,,,,,,,,,,
,,,,,,,,,,,,
,,,,,,,,,,,,
,,,,,,,,,,,,
,,,,,,,,,,,,
,,,,,,,,,,,,
,,,,,,,,,,,,
,,,,,,,,,,,,
,,,,,,,,,,,,
,,,,,,,,,,,,
,,,,,,,,,,,,
,,,,,,,,,,,,
,,,,,,,,,,,,
,,,,,,,,,,,,
,,,,,,,,,,,,
,,,,,,,,,,,,
,,,,,,,,,,,,
,,,,,,,,,,,,
,,,,,,,,,,,,
,,,,,,,,,,,,
,,,,,,,,,,,,
,,,,,,,,,,,,
,,,,,,,,,,,,
,,,,,,,,,,,,
,,,,,,,,,,,,
,,,,,,,,,,,,
,,,,,,,,,,,,
,,,,,,,,,,,,
,,,,,,,,,,,,
,,,,,,,,,,,,
,,,,,,,,,,,,
,,,,,,,,,,,,
,,,,,,,,,,,,
,,,,,,,,,,,,
,,,,,,,,,,,,
,,,,,,,,,,,,
,,,,,,,,,,,,
,,,,,,,,,,,,
,,,,,,,,,,,,
,,,,,,,,,,,,
,,,,,,,,,,,,
,,,,,,,,,,,,
,,,,,,,,,,,,
,,,,,,,,,,,,
,,,,,,,,,,,,
,,,,,,,,,,,,
,,,,,,,,,,,,
,,,,,,,,,,,,
,,,,,,,,,,,,
,,,,,,,,,,,,
,,,,,,,,,,,,
,,,,,,,,,,,,
,,,,,,,,,,,,
,,,,,,,,,,,,
,,,,,,,,,,,,
,,,,,,,,,,,,
,,,,,,,,,,,,
,,,,,,,,,,,,
,,,,,,,,,,,,
,,,,,,,,,,,,
,,,,,,,,,,,,
,,,,,,,,,,,,
,,,,,,,,,,,,
,,,,,,,,,,,,
,,,,,,,,,,,,
,,,,,,,,,,,,
,,,,,,,,,,,,
,,,,,,,,,,,,
,,,,,,,,,,,,
,,,,,,,,,,,,
,,,,,,,,,,,,
,,,,,,,,,,,,
,,,,,,,,,,,,
,,,,,,,,,,,,
,,,,,,,,,,,,
,,,,,,,,,,,,
,,,,,,,,,,,,
,,,,,,,,,,,,
,,,,,,,,,,,,
,,,,,,,,,,,,
,,,,,,,,,,,,
,,,,,,,,,,,,
,,,,,,,,,,,,
,,,,,,,,,,,,
,,,,,,,,,,,,
,,,,,,,,,,,,
,,,,,,,,,,,,
,,,,,,,,,,,,
,,,,,,,,,,,,
,,,,,,,,,,,,
,,,,,,,,,,,,
,,,,,,,,,,,,
,,,,,,,,,,,,
,,,,,,,,,,,,
,,,,,,,,,,,,
,,,,,,,,,,,,
,,,,,,,,,,,,
,,,,,,,,,,,,
,,,,,,,,,,,,
,,,,,,,,,,,,
,,,,,,,,,,,,
,,,,,,,,,,,,
,,,,,,,,,,,,
,,,,,,,,,,,,
,,,,,,,,,,,,
,,,,,,,,,,,,
,,,,,,,,,,,,
,,,,,,,,,,,,
,,,,,,,,,,,,
,,,,,,,,,,,,
,,,,,,,,,,,,
,,,,,,,,,,,,
,,,,,,,,,,,,
,,,,,,,,,,,,
,,,,,,,,,,,,
,,,,,,,,,,,,
,,,,,,,,,,,,
,,,,,,,,,,,,
,,,,,,,,,,,,
,,,,,,,,,,,,
,,,,,,,,,,,,
,,,,,,,,,,,,
,,,,,,,,,,,,
,,,,,,,,,,,,
,,,,,,,,,,,,
,,,,,,,,,,,,
,,,,,,,,,,,,
,,,,,,,,,,,,
,,,,,,,,,,,,
,,,,,,,,,,,,
,,,,,,,,,,,,
,,,,,,,,,,,,
,,,,,,,,,,,,
,,,,,,,,,,,,
,,,,,,,,,,,,
,,,,,,,,,,,,
,,,,,,,,,,,,
,,,,,,,,,,,,
,,,,,,,,,,,,
,,,,,,,,,,,,
,,,,,,,,,,,,
,,,,,,,,,,,,
,,,,,,,,,,,,
,,,,,,,,,,,,
,,,,,,,,,,,,
,,,,,,,,,,,,
,,,,,,,,,,,,
,,,,,,,,,,,,
,,,,,,,,,,,,
,,,,,,,,,,,,
,,,,,,,,,,,,
,,,,,,,,,,,,
,,,,,,,,,,,,
,,,,,,,,,,,,
,,,,,,,,,,,,
,,,,,,,,,,,,
,,,,,,,,,,,,
,,,,,,,,,,,,
,,,,,,,,,,,,
,,,,,,,,,,,,
,,,,,,,,,,,,
,,,,,,,,,,,,
,,,,,,,,,,,,
,,,,,,,,,,,,
,,,,,,,,,,,,
,,,,,,,,,,,,
,,,,,,,,,,,,
,,,,,,,,,,,,
,,,,,,,,,,,,
,,,,,,,,,,,,
,,,,,,,,,,,,
,,,,,,,,,,,,
,,,,,,,,,,,,
,,,,,,,,,,,,
,,,,,,,,,,,,
,,,,,,,,,,,,
,,,,,,,,,,,,
,,,,,,,,,,,,
,,,,,,,,,,,,
,,,,,,,,,,,,
,,,,,,,,,,,,
,,,,,,,,,,,,
,,,,,,,,,,,,
,,,,,,,,,,,,
,,,,,,,,,,,,
,,,,,,,,,,,,
,,,,,,,,,,,,
,,,,,,,,,,,,
,,,,,,,,,,,,
,,,,,,,,,,,,
,,,,,,,,,,,,
,,,,,,,,,,,,
,,,,,,,,,,,,
,,,,,,,,,,,,
,,,,,,,,,,,,
,,,,,,,,,,,,
,,,,,,,,,,,,
,,,,,,,,,,,,
,,,,,,,,,,,,
,,,,,,,,,,,,
,,,,,,,,,,,,
,,,,,,,,,,,,
,,,,,,,,,,,,
,,,,,,,,,,,,
,,,,,,,,,,,,
,,,,,,,,,,,,
,,,,,,,,,,,,
,,,,,,,,,,,,
,,,,,,,,,,,,
,,,,,,,,,,,,
,,,,,,,,,,,,
,,,,,,,,,,,,
,,,,,,,,,,,,
,,,,,,,,,,,,
,,,,,,,,,,,,
,,,,,,,,,,,,
,,,,,,,,,,,,
,,,,,,,,,,,,
,,,,,,,,,,,,
,,,,,,,,,,,,
,,,,,,,,,,,,
,,,,,,,,,,,,
,,,,,,,,,,,,
,,,,,,,,,,,,
,,,,,,,,,,,,
,,,,,,,,,,,,
,,,,,,,,,,,,
,,,,,,,,,,,,
,,,,,,,,,,,,
,,,,,,,,,,,,
,,,,,,,,,,,,
,,,,,,,,,,,,
,,,,,,,,,,,,
,,,,,,,,,,,,
,,,,,,,,,,,,
,,,,,,,,,,,,
,,,,,,,,,,,,
,,,,,,,,,,,,
,,,,,,,,,,,,
,,,,,,,,,,,,
,,,,,,,,,,,,
,,,,,,,,,,,,
,,,,,,,,,,,,
,,,,,,,,,,,,
,,,,,,,,,,,,
,,,,,,,,,,,,
,,,,,,,,,,,,
,,,,,,,,,,,,
,,,,,,,,,,,,
,,,,,,,,,,,,
,,,,,,,,,,,,
,,,,,,,,,,,,
,,,,,,,,,,,,
,,,,,,,,,,,,
,,,,,,,,,,,,
,,,,,,,,,,,,
,,,,,,,,,,,,
,,,,,,,,,,,,
,,,,,,,,,,,,
,,,,,,,,,,,,
,,,,,,,,,,,,
,,,,,,,,,,,,
,,,,,,,,,,,,
,,,,,,,,,,,,
,,,,,,,,,,,,
,,,,,,,,,,,,
,,,,,,,,,,,,
,,,,,,,,,,,,
,,,,,,,,,,,,
,,,,,,,,,,,,
,,,,,,,,,,,,
,,,,,,,,,,,,
,,,,,,,,,,,,
,,,,,,,,,,,,
,,,,,,,,,,,,
,,,,,,,,,,,,
,,,,,,,,,,,,
,,,,,,,,,,,,
,,,,,,,,,,,,
,,,,,,,,,,,,
,,,,,,,,,,,,
,,,,,,,,,,,,
,,,,,,,,,,,,
,,,,,,,,,,,,
,,,,,,,,,,,,