variable_id,function,sub_concept_id,use_concept_id,description,start_obs,end_obs,anchor_date
PP_HIV,create_HIV,I_HIVNOAIDS_COV,T,HIV diagnoses codes,,,
PP_HIV,create_HIV,I_AIDS_COV,T,AIDS diagnoses codes,,,
PP_HIV,create_HIV,DP_COVHIV,T,"Antiviral therapy for HIV, complex",,,
PP_HEMMALIGNANCY,create_or,Onc_LEUKEMIA_COV,,Diagnoses of Leukaemia,,,
PP_HEMMALIGNANCY,create_or,Onc_LYMPHOMA_COV,,Diagnoses of Lymphoma,,,
PP_RHEUINFL,create_or,Im_SLE_COV,,Diagnoses of SLE,,,
PP_RHEUINFL,create_or,M_ARTPSORIATIC_COV,,Diagnoses of Arthritic psoriatic,,,
PP_RHEUINFL,create_or,M_ARTRHEU_COV,,Dignoses of arthritis rheumatoid,,,
PP_RHEUINFL,create_or,M_ARTSPONDYL_COV,,Diagnosis Arthritis sponylitis,,,
PP_RHEUINFL,create_or,M_RPM_COV,,Diagnosis Polymyalgia reumatica,,,
PP_RHEUINFL,create_or,D_IBD_COV,,Diagnosis IBD,,,
PP_RHEUINFL,create_or,E_THYROIDAUTOIMM_AESI,,Diagnosis Autoimmune thyroiditis,,,
PP_RHEUINFL,create_or,Im_Sjogren_COV,,Diagnosis Sjorgen syndrome,,,
PP_ANTISUPDRUGSRHEU,create_corticosteroid_therapy,DP_CORTICOST,T,"Antisuppressants drugs:Corticosterid therapy, more than 1 neccessary when single record beteen 24-34 GA",,,
PP_ANTISUPDRUGSRHEU,create_corticosteroid_therapy,DP_IMMUNCHECKPOINT,,Antisuppressants drugs,,,
PP_ANTISUPDRUGSRHEU,create_corticosteroid_therapy,DP_COVCANCER,,Antisuppressants drugs,,,
PP_ANTISUPDRUGSRHEU,create_corticosteroid_therapy,DP_IMMUNOSUPPR,,Antisuppressants drugs,,,
PP_TRREC,create_or,Im_ORGANISLETTRANSP_COV,,Transplant recipient,,,
PP_TRREC,create_or,TP_TRANSPLANTRECIPIENT_COV,,Transplant recipient,,,
PP_ANTISUPDRUGS,create_or,DP_CORTICOST,,Antisuppressants drugs,,,
PP_ANTISUPDRUGS,create_or,DP_IMMUNCHECKPOINT,,Antisuppressants drugs,,,
PP_ANTISUPDRUGS,create_or,DP_COVCANCER,,Antisuppressants drugs,,,
PP_ANTISUPDRUGS,create_or,DP_IMMUNOSUPPR,,Antisuppressants drugs,,,
PP_CART,create_or,TP_CARTCELLPROC_COV,,CART cell,,,
PP_CART,create_or,TP_CARTCELL_COV,,CART cell,,,
PP_CART,create_or,Im_CARTHEMTRANSP_COV,,CART cell,,,
PP_CART,create_or,DP_CART,,CART cell,,,
PP_ACTTHERAPY,create_or,DP_CORTICOST,F,Active treatment,,,
PP_ACTTHERAPY,create_or,DP_IMMUNCHECKPOINT,F,Active treatment,,,
PP_ACTTHERAPY,create_or,DP_COVCANCER,F,Active treatment,,,
PP_ACTTHERAPY,create_or,DP_IMMUNOSUPPR,F,Active treatment,,,
PP_ACTTHERAPY,create_or,DP_IMMUNOSTIMUL,T,Active treatment,,,
PP_CHRONICHYP,create_or,V_HYPERTENSION_COV,,Chronic hypertension,,,
PP_CHRONICHYP,create_or,DP_CONTRHYPERT,,Chronic hypertension,,,
PP_PREECL,create_or,AD_PREECL,,Preeclamsia,,,
PP_PREECL,create_or,P_PREECLAMPHELP_AESI,,Preeclamsia,,,
PP_PREECL,create_or,P_ECLAMP_AESI,,Preeclamsia,,,
PP_GESTHYP,create_or,AD_GESTHYP,F,Dap specific concept indicating gestational hypertension,,,
PP_GESTHYP,create_or,P_GESTATIONHYPERTESION_COV,,Gest hypertension,,,
PP_PREGHYP,create_or,V_HYPERTENSION_COV,,Hypertension,,,
PP_PREGHYP,create_or,DP_CONTRHYPERT,,Antihypertensives,,,
PP_PRIORHYP,create_or,V_HYPERTENSION_COV,T,Hypertension,,,
PP_PRIORHYP,create_or,DP_CONTRHYPERT,T,Antihypertensives,,,
PP_MULTIFP,create_or,AD_MULTIFP,,Multifetal preg,,,
PP_MULTIFP,create_or,P_PREGNMULTIPLE_COV,,Multifetal preg,,,
PP_DIABETES,create_or,DP_INS,T,Insulins,,,
PP_DIABETES,create_or,DP_COVDIAB,T,Antidiabetics,,,
PP_DIABETES,create_or,E_DM12_COV,,Diabetes 1/2,,,
PP_GESTDIAB,create_or,AD_GESTDIAB,F,Gest diabetes,,,
PP_GESTDIAB,create_or,P_GESTDIAB_COV,F,Gest diabetes,,,
PP_PREGDIAB,create_or,diabetestype2_codelist,F,Diabetes 2,,,
PP_PREGDIAB,create_or,DP_COVDIAB,T,Antidiabetics,,,
PP_PRIORDIAB,create_or,E_DM12_COV,T,Diabetes 1/2,,,
PP_PRIORDIAB,create_or,DP_INS,T,Insulins,,,
PP_PRIORDIAB,create_or,DP_COVDIAB,T,Antidiabetics,,,
PP_BMI_INT,create_bmi_int,AD_Height,,Height,,,
PP_BMI_INT,create_bmi_int,AD_Weight,F,Weight,,,
PP_BMI_INT,create_bmi_int,AD_BMIint,F,bmi calculated,,,
PP_OBESITY,create_obesity,PP_BMI_INT,F,obesity,,,
PP_OBESITY,create_obesity,AD_BMIDAPSP,T,obesity,,,
PP_OBESITY,create_obesity,L_OBESITY_COV,,obesity,,,
PP_OBESITY,create_obesity,DP_COVOBESITY,T,obesity,,,
PP_STILLBIRTH,create_stillbirth,AD_STILLBIRTH,T,stillbirth,,,
PP_STILLBIRTH,create_stillbirth,L_PRIORSTILLBIRTH_COV,,stillbirth,,,
PP_STILLBIRTH,create_stillbirth,P_STILLBIRTH_AESI,,stillbirth,,,
PP_SGA_CAT,create_sga_cat,AD_BirthW,,sga,,,
PP_SGA_DAPSP,create_sga_dapsp,AD_SGADAPSP,,sga,,,
PP_SGA,create_sga,PP_SGA_CAT,,sga,,,
PP_SGA,create_sga,PP_SGA_DAPSP,,sga,,,
PP_SGA,create_sga,P_SGA_COV,,sga,,,
PP_SGA,create_sga,P_FGR_AESI,,sga,,,
PP_MAJORCA,create_ca,P_CAABD_AESI,,majorca,,,
PP_MAJORCA,create_ca,P_CACHROM_AESI,,majorca,,,
PP_MAJORCA,create_ca,P_CADIG_AESI,,majorca,,,
PP_MAJORCA,create_ca,P_CAGENI_AESI,,majorca,,,
PP_MAJORCA,create_ca,P_CALIMB_AESI,,majorca,,,
PP_MAJORCA,create_ca,P_CANERV_AESI,,majorca,,,
PP_MAJORCA,create_ca,P_CAOTH_AESI,,majorca,,,
PP_MAJORCA,create_ca,P_CARESP_AESI,,majorca,,,
PP_MAJORCA,create_ca,P_CAURI_AESI,,majorca,,,
PP_MAJORCA,create_ca,P_CAORO_AESI,,majorca,,,
PP_MAJORCA,create_ca,P_CAEEFN_AESI,,majorca,,,
PP_MAJORCA,create_ca,P_CHACH_AESI,,majorca,,,
PP_MAJORCA,create_ca,AD_MAJORCA,,majorca,,,