variable_id,concept_id,raw_concept,exposure,outcome,covariate,data_type,start_look_back,end_look_back,anchor_date_start,anchor_date_end,date_extraction_func,Matching,variable_description
E_RSVpreF,AD_RSVpreF,dap-specific,TRUE,FALSE,FALSE,BOOL,0,0,lmp_date,pregnancy_end,,FALSE,ABRYSVO RSV vaccine
SV_HIV,PP_HIV,pre-processed,FALSE,FALSE,TRUE,BOOL,-3652.5,-1,index_date,index_date,,FALSE,"Diagnosed with symptomatic HIV/AIDS, end lookback is T0(exclusive)"
SV_HEMMALIGNANCY,PP_HEMMALIGNANCY,pre-processed,FALSE,FALSE,TRUE,BOOL,-3652.5,-1,index_date,index_date,,FALSE,Diagnosed with hematologic malignancy
COD_SolMalignancy,Onc_ANYMALIGNANCY_COV,concept codelist,FALSE,FALSE,TRUE,BOOL,-3652.5,-1,index_date,index_date,,FALSE,Diagnosed with solid malignancy
SV_RHEUINFL,PP_RHEUINFL,pre-processed,FALSE,FALSE,TRUE,BOOL,-3652.5,-1,index_date,index_date,,FALSE,Rheumatologic/inflammatory conditions
SV_ANTISUPDRUGSRHEU,PP_ANTISUPDRUGSRHEU,pre-processed,FALSE,FALSE,TRUE,BOOL,-3652.5,-1,index_date,index_date,,FALSE,antisupressants
SV_TRREC,PP_TRREC,pre-processed,FALSE,FALSE,TRUE,BOOL,-3652.5,-1,index_date,index_date,,FALSE,Transplant/islet recipient
SV_CART,PP_CART,pre-processed,FALSE,FALSE,TRUE,BOOL,-3652.5,-1,index_date,index_date,,FALSE,CART cell therapy 
SV_ACTTHERAPY,PP_ACTTHERAPY,pre-processed,FALSE,FALSE,TRUE,BOOL,0,-1,lmp_date,index_date,,FALSE,Active therapy
SV_ANTISUPDRUGS,PP_ANTISUPDRUGS,pre-processed,FALSE,FALSE,TRUE,BOOL,-3652.5,-1,index_date,index_date,,FALSE,Immunosupressive therapy
SV_CHRONICHYP,PP_CHRONICHYP,pre-processed,FALSE,FALSE,TRUE,BOOL,-3652.5,-1,lmp_date,lmp_date,,FALSE,Chronic hypertension (current pregnancy)
SV_PREECL,PP_PREECL,pre-processed,FALSE,FALSE,TRUE,BOOL,0,5,lmp_date,pregnancy_end,,FALSE,Preeclampsia (current pregnnacy)
SV_GESTHYP,PP_GESTHYP,pre-processed,FALSE,FALSE,TRUE,BOOL,0,5,lmp_date,pregnancy_end,,FALSE,Gestational hypertension  (current pregnancy)
SV_PREGHYP,PP_PREGHYP,pre-processed,FALSE,FALSE,TRUE,BOOL,0,5,lmp_date,pregnancy_end,,FALSE,Hypertension in pregnancy (current pregnancy)
SV_PRIORHYP,PP_PRIORHYP,pre-processed,FALSE,FALSE,TRUE,BOOL,-365.25,-1,lmp_date,lmp_date,,FALSE,Prior hypertension (current pregnancy)
SV_MULTIFP,PP_MULTIFP,pre-processed,FALSE,FALSE,TRUE,BOOL,0,5,lmp_date,pregnancy_end,,FALSE,Multifetal pregnancy  (current pregnancy)
SV_DIABETES,PP_DIABETES,pre-processed,FALSE,FALSE,TRUE,BOOL,-3652.5,-1,lmp_date,lmp_date,,FALSE,Diabetes history  (current pregnancy)
SV_GESTDIAB,PP_GESTDIAB,pre-processed,FALSE,FALSE,TRUE,BOOL,0,5,lmp_date,pregnancy_end,,FALSE,Gestational diabetes  (current pregnancy)
SV_PREGDIAB,PP_PREGDIAB,pre-processed,FALSE,FALSE,TRUE,BOOL,0,0,lmp_date,pregnancy_end,,FALSE,Diabetes in pregnancy  (current pregnancy)
SV_PRIORDIAB,PP_PRIORDIAB,pre-processed,FALSE,FALSE,TRUE,BOOL,-365.25,-1,lmp_date,lmp_date,,FALSE,Prior diabetes  (current pregnancy)
SV_OBESITY,PP_OBSESITY,pre-processed,FALSE,FALSE,TRUE,BOOL,-365.25,-1,index_date,index_date,,FALSE,Obesity  (current pregnancy)
SV_STILLBIRTH,PP_STILLBIRTH,pre-processed,FALSE,FALSE,TRUE,BOOL,0,5,lmp_date,pregnancy_end,,FALSE,Still birth  (current pregnancy)
COD_ABORTION,P_SPONTABO_COV,concept codelist,FALSE,FALSE,TRUE,BOOL,91,167,lmp_date,lmp_date,,FALSE,Late abortion  (current pregnancy)
SV_SGA,PP_SGA,pre-processed,FALSE,FALSE,TRUE,BOOL,0,5,lmp_date,pregnancy_end,,FALSE,SGA/FGR  (current pregnancy)
SV_MAJORCA,PP_MAJORCA,pre-processed,FALSE,FALSE,TRUE,BOOL,0,5,lmp_date,pregnancy_end,,FALSE,Major congenital anomalies  (current pregnancy)
COMP_RHEUINFLSUP,,composite,FALSE,FALSE,TRUE,BOOL,,,,,,,Rheumatologic condition+antisuppresant
COMP_TRRECSUP,,composite,FALSE,FALSE,TRUE,BOOL,,,,,,,Transplant recipient + imunosuppressants
COMP_CARTSUP,,composite,FALSE,FALSE,TRUE,BOOL,,,,,,,CART cell therapy  +imunosuppressants
COMP_GESTHYP,,composite,FALSE,FALSE,TRUE,BOOL,,,,,,,Gestational hypertension  (current pregnancy)
COMP_GESTDIAB,,composite,FALSE,FALSE,TRUE,BOOL,,,,,,,Gestational diabetes  (current pregnancy)
COMP_STILLBIRTH,,composite,FALSE,FALSE,TRUE,BOOL,,,,,,,Still birth  (current pregnancy)
COMP_PRIOR_GESTDIAB,,composite,FALSE,FALSE,TRUE,BOOL,,,,,,,Prior gestational diabetes
COMP_PRIOR_PREECL,,composite,FALSE,FALSE,TRUE,BOOL,,,,,,,Prior preeclampsia
COMP_PRIOR_STILLBIRTH,,composite,FALSE,FALSE,TRUE,BOOL,,,,,,,Prior stillbirth
COMP_PRIOR_SGA,,composite,FALSE,FALSE,TRUE,BOOL,,,,,,,Prior SGA
COMP_PRIOR_MAJORCA,,composite,FALSE,FALSE,TRUE,BOOL,,,,,,,Prior congenital anomalies
COMP_IMMUNOCOMP,,composite,FALSE,FALSE,TRUE,BOOL,,,,,,,Immunocompromised status
COMP_HIGHRISKPREG,,composite,FALSE,FALSE,TRUE,BOOL,,,,,,,High risk pregnancy status